{
  "Backend Engineer": {
    "precision": 1.0,
    "recall": 1.0,
    "f1-score": 1.0,
    "support": 15.0
  },
  "Data Engineer": {
    "precision": 1.0,
    "recall": 1.0,
    "f1-score": 1.0,
    "support": 26.0
  },
  "Data Scientist": {
    "precision": 0.9347826086956522,
    "recall": 1.0,
    "f1-score": 0.9662921348314607,
    "support": 43.0
  },
  "DevOps Engineer": {
    "precision": 1.0,
    "recall": 1.0,
    "f1-score": 1.0,
    "support": 4.0
  },
  "Frontend Engineer": {
    "precision": 1.0,
    "recall": 0.75,
    "f1-score": 0.8571428571428571,
    "support": 12.0
  },
  "accuracy": 0.97,
  "macro avg": {
    "precision": 0.9869565217391305,
    "recall": 0.95,
    "f1-score": 0.9646869983948635,
    "support": 100.0
  },
  "weighted avg": {
    "precision": 0.9719565217391305,
    "recall": 0.97,
    "f1-score": 0.9683627608346709,
    "support": 100.0
  }
}